order,hiragana,kanji,meaning,category,example,romaji,level
0,～えん,円,... yen,unit,"これは 10,000円です。This is 10,000 yen.",en,1
1,～かい,階,... floor,unit,わたしの へやは 2かいです。My room is on the second floor.,kai,1
2,～かい,回,... times,unit,このえいがを 2かい みました。I watched this movie twice.,kai,1
3,～かかん,,for ... day(s),unit,"いちに、ふつか(かん)、みっかかん・・・  One, two, three days",kakan,1
4,～かげつ,月,(for) ... month(s),unit,"いっか月、にか月、さんか月・・・ One month, two months, three months ...",kagetsu,1
5,～がつ,,... month,unit,"1月、2月、3月・・・  January, February, March ...",gatsu,1
6,～がります,,(third person) wants to ...  [「〜たい」のstem]＋[てform of がります]＋ います,action,こどもたちは ディズニーランドにいきたがっています。Children want to go to Disneyland.,garimasu,1
7,～がわ,側,... side,unit,ひだりがわを あるきます。Walk on the left side.,gawa,1
8,～くらい/ぐらい,,about ...,time,2じかんぐらい べんきょうしました。I studied for about 2 hours.,kurai/gurai,1
9,～こ,,counter for small object,unit,"いっこ、にこ、さんこ・・・  1, 2, 3 (small objects) ...",ko,1
10,～ごろ,頃,around ... (for time),time,2じごろに そちらに いきます。I will go there around 2 o'clock.,goro,1
11,～さい,歳,... year(s) old,unit,"いっさい、にさい、さんさい・・・ 1 year old, 2 years old, 3 years old ...",sai,1
12,～さつ,冊,counter for book,unit,"いっさつ、にさつ、さんさつ・・・ 1 book, 2 books, 3 books ...",satsu,1
13,～じ,時,... o'clock,unit,いま 3時です。It's 3 o'clock now.,ji,2
14,～しゅうかん,週間,(for) ... week(s),unit,"1週間、2週間、3週間・・・  1 week, 2 weeks, 3 weeks ...",shuukan,2
15,～じん,人,"...an, ...ese",unit,"にほん人、アメリカ人、ドイツ人・・・ Japanese, American, German ...",jin,2
16,～すぎ,過ぎ,"past, over",time,2じすぎに とうきょうに つきます。I will arrive in Tokyo after 2 o'clock.,sugi,1
17,～ずつ,,... each,atomic,これと これを ２つずつ ください。Please give me two of this and two of this.,zutsu,1
18,～だい,台,counter for machine,unit,"いちだい、にだい、さんだい・・・ one, two three (machines)",dai,2
19,～たち,,"...s, ... and others",atomic,"わたしたち、こどもたち、あのひとたち。We, Children, Those people",tachi,1
20,～ちゅう,中,"be in middle of ..., (during) in ...",time,いま かいぎ中です。I'm in a meeting now.,chuu,1
21,～つ,箇,counter for object,unit,コーヒーを 3つ ください。Please give me three coffees.,tsu,2
22,～ど,,... time(s),unit,もういちど いってください。Please say that again.,do,2
23,～にち,日,"...st, ...nd, ...th",unit,きょうは 12日です。Today is the 12th.,nichi,2
24,～にん,人,counter for person,unit,"ひとり、ふたり、さん人、よ人、ご人・・・  one, two three, four, five (person)",nin,2
25,～ねん,年,... years,unit,"2030年, 2040年, 2050年",nen,2
26,～はい/ばい/ぱい,杯,cups of ...,unit,"いっぱい、にはい、さんばい・・・ one, two three (cup of ...)",hai/bai/pai,2
27,～ひき/びき/ぴき,匹,counter for animal,unit,"いっぴき、にひき、さんびき・・・ one (animal), two (animals), three (animals)",hiki/biki/piki,3
28,～ふん/ぷん,分,... minute(s),unit,"いっぷん、にふん、さんぷん・・・ 1 minute, 2 minutes, 3 minutes",fun/Pun,3
29,～ほん/ぼん/ぽん,本,counter for long object,unit,かさが 3本 あります。I have three umbrellas.,hon/bon/pon,3
30,～まい,枚,counter for thin object,unit,かみを １まい ください。Please give me a piece of paper.,Mai,3
31,～や,家,"... store, ... shop",places,"すしや、さかなや、にくや、ケーキや...  Sushi shop, Fish shop, Butcher shop, Cake shop ...",ya,1
32,あ,,"Ah!, Oh!",sentence,,a,1
33,ああ,,Ah!,sentence,,aa,1
34,あう,会う,to meet,action,ともだちに/と 会います。I will see my friend.,au,1
35,あお,青,blue,color,あおいボールペン。Blue ballpoint pen,Ao,1
36,あおい,青い,blue,iadj,あおいボールペン。Blue ballpoint pen,Aoi,1
37,あか,赤,red,color,赤で かきます。Write in red.,aka,1
38,あかい,赤い,red,iadj,赤いボールペン  Red ballpoint pen,akai,1
39,あがる,上がる,go up,action,エレベーターで 15かいに あがります。Take the elevator to the 15th floor.,agarimasu,1
40,あかるい,明い,bright,iadj,このへやは あかるいです。The room is bright.,akarui,1
41,あき,秋,autumn,nature,あきが すきです。I like autumn.,aki,1
42,あく,開く,"to open, to become open",action,ドアが あきます。The door opens.,aku,1
43,あける,開ける,to open,action,わたしは ドアをあけます。I open the door.,akeru,1
44,あげる,上げる,to give,action,ははの たんじょうびに プレゼントを あげました。I gave a present on my mother's birthday.,ageru,1
45,あさ,朝,morning,time,あしたの 朝は 6じに おきます。 I will get up at 6 o'clock tomorrow morning.,asa,1
46,あさごはん,朝御飯,breakfast,food,もう 朝ごはんを たべましたか。 Have you eaten breakfast yet?,asagohan,1
47,あさって,明後日,day after tomorrow,time,あさっては にほんごの テストです。The day after tomorrow will be a Japanese test.,asatte,1
48,あし,足,"foot, leg",body,かのじょは足が ながいです。 She has long legs.,ashi,1
49,あした,明日,tomorrow,time,では、また あした。See you tomorrow.,ashita,1
50,あそこ,彼処,over there,direction,あそこで バスに のります。Get on the bus over there.,asoko,1
51,あそぶ,遊ぶ,"to play, to make a visit",action,こどもは よく こうえんで あそびます。Children often play in the park.,asobu,1
52,あたたかい,暖かい,warm,iadj,きょうは きのうより あたたかいです。Today is warmer than yesterday.,atatakai,1
53,あたま,頭,head,body,かれは とても あたまが いいです。He is very smart.,atama,1
54,あたらしい,新しい,new,iadj,新しい コンピュータを かいました。I bought a new computer.,atarashii,1
55,あつい,厚い,"kind, deep, thick",iadj,,atsui,1
56,あつい,暑い,hot,iadj,きょうは あついですね。It's hot today.,atsui,1
57,あつい,熱い,hot to the touch,iadj,,atsui,1
58,あっち,彼方,over there,direction,いりぐちは あちらです。The entrance is over there.,atchi,1
59,あと,後,afterwards,time,あさごはんの 後で さんぽをします。I will take a walk after breakfast.,ato,1
60,あなた,,you,atomic,,anata,1
61,あに,兄,(humble) older brother,people,あには イギリスに います。My brother is in England.,ani,1
62,あね,姉,(humble) older sister,people,あねは フランスに います。My sister is in France.,ane,1
63,あの,,that over there,atomic,あのひとは だれですか。Who is that person?,ano,1
64,あのう,,"Excuse me., Well, Let me see.",sentence,,anou,1
65,アパート,,apartment,places,わたしは ふるいアパートにすんでいます。I live in an old apartment.,apaato,1
66,あびる,浴びる,"to bathe, to shower",action,あさ シャワーを あびます。 Take a shower in the morning.,Abiru,1
67,あぶない,危ない,dangerous,iadj,ここは あぶないですよ。It's dangerous here.,abunai,1
68,あまい,甘い,sweet,iadj,このケーキは とても あまいです。This cake is very sweet.,amai,1
69,あまり,,not very,atomic,あまり ほんを よみません。I don't read many books.,amari,1
70,あめ,雨,rain,nature,ごごは たぶん 雨が ふります。It will probably rain in the afternoon.,ame,1
71,あめ,飴,candy,nature,,ame,1
72,アメリカ,,The United States of America,places,あには アメリカに いきました。My brother went to America.,Amerika,1
73,あらう,洗う,to wash,action,ここで てを あらいます。 Wash your hands here.,arau,1
74,ありがとうございます。,,Thank you very much.,sentence,,arigatougozaimasu,1
75,ある,在る,"to be, to have (used for inanimate objects)",action,はこの なかに りんごが ななつ あります。There are seven apples in the box. わたしは きょう じかんが あります。I have time today.,aru,1
76,あるく,歩く,to walk,action,きのうは オフィスから うちまで あるきました。I walked from the office to my house yesterday.,aruku,2
77,あれ,,that,atomic,あれは なんですか。What is that?,are,1
78,いい,,good [i-adj.],iadj,この アプリは とても いいです。This app is very nice.,ii,2
79,いい/よい,良い,good,action,もういちど 言います。I will say it again.,ii/yoi,2
80,いいえ,,no,sentence,,iie,1
81,いう,言う,to say,action,,iu,2
82,いえ,家,house,places,家の なかは あたたかいです。The inside of the house is warm.,ie,1
83,いかが,,how,atomic,,ikaga,1
84,いく,行く,to go,action,じてんしゃで がっこうに 行きます。I go to school by bicycle.,iku,2
85,いくつ,,"how many?, how old?",atomic,れいぞうこの なかに たまごが いくつ ありますか。How many eggs are there in the fridge?,ikutsu,1
86,いくら,,how much?,atomic,これは いくらですか。How much is this?,ikura,1
87,いけ,池,pond,nature,いけの なかに きれいな さかなが います。There are beautiful fish in the pond.,ike,1
88,いしゃ,医者,medical doctor,people,ちちは いしゃです。My father is a doctor.,isha,1
89,いす,椅子,chair,home,このいすは たかかったです。This chair was expensive.,isu,1
90,いそがしい,忙しい,"busy, irritated",iadj,このごろ まいにち いそがしいです。I'm busy these days.,isogashii,2
91,いたい,痛い,painful,iadj,きょうは すこし あたまが いたいです。I have a slight headache today.,itai,2
92,いただきます。,,Let's eat! (saying this before having a meal.),sentence,,itadakimasu,1
93,いち,一,one,unit,"いち、に、さん、し、ご・・・one, two, three, four, five...",ichi,3
94,いちど,一度,once,unit,もう一ど いってください。Say that once more please.,ichido,3
95,いちにち,一日,"(1) one day, (2) first of month",unit,きのうは 一日 うちに いました。I was at home all day yesterday.,ichinichi,3
96,いちばん,一番,"best, first",unit,一ばん いいものを えらびます。Choose the best one.,ichiban,3
97,いつ,何時,when,time,いつ とうきょうに いきますか。When are you going to Tokyo?,itsu,1
98,いつか,五日,"five days, fifth day",unit,きょうは 五日です。Today is the 5th.,itsuka,3
99,いっしょ,一緒,together,atomic,ともだちと いっしょに がっこうに いきます。I will go to school with my friends.,issho,1
100,いつつ,五つ,five,unit,りんごは 五つ 400えんです。Five apples cost 400 yen.,itsutsu,3
101,いってきます。,,"I am going., I am leaving.",sentence,,ittekimasu,1
102,いつも,,always,atomic,いつも けいたいでんわをもっています。I always have a mobile phone.,itsumo,2
103,いぬ,犬,dog,nature,,inu,1
104,いま,今,now,time,今 なんじですか。What time is it now?,ima,1
105,いみ,意味,meaning,intangible,おなじ いみのぶんは どれですか。Which sentences have the same meaning?,imi,1
106,いもうと,妹,(humble) younger sister,people,いもうとは いま いえに いません。My sister isn't at home right now.,imouto,1
107,いもうとさん,妹さん,(someone's) younger sister,people,いもうとさんは どこに いますか。Where is your sister?,imoutosan,1
108,いや,嫌,unpleasant,naadj,いやな しごとも あります。There are also unpleasant jobs.,iya,1
109,いらっしゃいませ。,,"May I help you? (at restaurant, shop)",sentence,,irasshaimase,1
110,いりぐち,入口,entrance,direction,入口は どこですか。Where is the entrance?,iriguchi,1
111,いる,居る,"to be, to have (used for people and animals)",action,"わたしは いま いえに います。I'm at home now. have (family), わたしは きょうだいが います。I have a sibling.",iru,2
112,いる,要る,to need,action,ふくろは  いりません。I do not need a bag.,iru,2
113,いれる,入れる,to put in,action,コーヒーに クリームを 入れますか。Would you like to add cream to your coffee?,ireru,2
114,いろ,色,colour,color,どんな いろが すきですか。What kind of color do you like?,iro,1
115,いろいろ,,various,naadj,この ビルの なかには いろいろな みせが あります。There are various shops in this building.,iroiro,1
116,うーん,,"Well, Let me see.",sentence,,uun,1
117,うえ,上,on top of,direction,めがねは つくえの 上に あります。The glasses are on the desk.,ue,1
118,うしろ,後ろ,behind,direction,モニターの 後ろに スイッチが あります。There is a switch on the back of the monitor.,ushiro,1
119,うすい,薄い,"thin, weak",iadj,このほんは うすいです。This book is thin.,usui,2
120,うた,歌,song,activity,これは いい うたですね。 This is a good song.,uta,1
121,うたう,歌う,to sing,action,カラオケで にほんごの うたを うたいました。I sang a Japanese song at karaoke.,utau,2
122,うち,家,home,places,うちは どこですか。Where is your home?,uchi,1
123,うまれる,生まれる,to be born,action,"せんげつ あかちゃんが 生まれました。Last month, a baby was born.",umareru,2
124,うみ,海,sea,nature,やまより うみが すきです。I like the sea better than the mountains.,umi,1
125,うる,売る,to sell,action,Amazonで うっています。It is sold on Amazon.,uru,2
126,うるさい,煩い,"noisy, annoying",iadj,ちかてつの なかは うるさいです。It's noisy in the subway.,urusai,2
127,うれしい,嬉しい,"happy, pleased [i-adj.]",iadj,とても うれしいです。I am very happy.,ureshii,2
128,うわぎ,上着,jacket,wearables,みせに うわぎを わすれました。I forgot my jacket at the store.,uwagi,1
129,え,絵,picture,activity,かのじょは えが じょうずです。She is good at painting.,e,1
130,エアコン,,air conditioner,home,わたしの うちには エアコンが ５だい あります。There are 5 air conditioners in my house.,eakon,1
131,えいが,映画,movie,activity,きのう ともだちと えいがを みました。I watched a movie with my friends yesterday.,eiga,1
132,えいがかん,映画館,cinema,places,あたらしい えいがかんに いきました。I went to a new movie theater.,eigakan,1
133,えいご,英語,English language,intangible,えいごで はなしても いいですか。May I speak in English?,eigo,1
134,ええ,,yes,sentence,,ee,1
135,えき,駅,station,unit,めぐろ駅から あるいて ３ぷんぐらいです。It's about 3 minutes walk from Meguro station.,eki,4
136,えらぶ,選ぶ,choose,action,いちばん いいものを えらびます。Choose the best one.,erabimasu,3
137,エレベーター,,elevator,manmade,エレベーターは どこに ありますか。Where is the elevator?,erebeetaa,1
138,えんぴつ,鉛筆,pencil,stationery,えんぴつで かいても いいですか。Can I write it in pencil?,enpitsu,1
139,お～,,[polite prefix],atomic,おくに。おかね。おしごと。おでんわ。Country. Money. Job. Phone.,o,2
140,おいしい,美味しい,delicious,iadj,このみせの ラーメンは おいしいです。The ramen in this shop is delicious.,oishii,2
141,おいでにな,お出でになる,"come, go, be [respect]",action,あしたは なんじに おいでになりますか。What time will you come tomorrow?,oideninarimasu,3
142,おおい,多い,many,iadj,このホテルは へやが 多いです。This hotel has many rooms.,ooi,2
143,おおきい,大きい,big,iadj,大きい くるまを かいたいです。I want to buy a big car.,ookii,2
144,おおきな,大きな,big,unit,大きな ショッピングモールにいきました。I went to a big shopping mall.,ookina,4
145,おおぜい,大勢,great number of people,unit,えきの まえに ひとが おおぜい います。There are a lot of people in front of the station.,oozei,4
146,おかあさん,お母さん,(honorable) mother,people,かれの お母さんは にほんじんです。His mom is Japanese.,okaasan,1
147,おかし,お菓子,"sweets, candy",food,にほんの おかしが すきです。I like Japanese sweets.,okashi,1
148,おかね,お金,money,manmade,お金は たいせつです。Money is important.,okane,1
149,おきる,起きる,to get up,action,まいにち 7じに おきます。It wakes up at 7 o'clock every day.,okiru,3
150,おく,置く,to put,action,バッグを テーブルの したに おきます。Place the bag under the table.,oku,3
151,おくさん,奥さん,(honorable) wife,people,かれの おくさんは とても きれいです。His wife is very pretty.,okusan,1
152,おくに,お国,country = くに。,places,お国は どちらですか。Where is your country?,Okuni,1
153,おくる,送る,send,action,メールで データを おくります。We will send you the data by email.,okurimasu,3
154,おげんきで。,,Take care of yourself.,sentence,,ogenkide,2
155,おさけ,お酒,"alcohol, rice wine",food,ときどき おさけを のみます。I drink alcohol sometimes.,osake,1
156,おさら,お皿,"plate, dish",home,おおきい おさらを 5まい かいました。I bought 5 large plates.,osara,1
157,おじいさん,伯父/叔父,"grandfather, male senior citizen",people,かれの おじいさんは いま カナダに います。His grandfather is now in Canada.,ojiisan,1
158,おしえる,教える,"to teach, to tell",action,ともだちに えいごを おしえます。I will teach English to my friends.,oshieru,3
159,おじさん,伯父/叔父,"uncle, middle aged gentleman",people,おじさんは いつ にほんに きますか。When will your uncle come to Japan?,ojisan,1
160,おす,押す,"to push, to stamp something",action,,osu,3
161,おそい,遅い,"late, slow",iadj,"きょうは おそいですね。You are late today, aren't you?",osoi,2
162,おそく,遅く,late [noun],intangible,きのうは おそくまで しごとを しました。I worked late yesterday.,osoku,1
163,おちゃ,お茶,green tea,food,おちゃを のみませんか。Would you like to have a cup of tea?,ocha,1
164,おてあらい,お手洗い,bathroom,home,おてあらいは どこですか。Where is the restroom?,otearai,1
165,おとうさん,お父さん,(honorable) father,people,お父さんは なんさいですか。How old is your father?,otousan,1
166,おとうと,弟,younger brother,people,おとうとは がくせいです。My younger brother is a student.,otouto,2
167,おとうとさん,弟さん,(someone's) younger brother,people,おとうとさんは なんさいですか。How old is your younger brother?,otoutosan,2
168,おとこ,男,man,people,男のひとが 5にん います。 There are 5 men.,otoko,2
169,おとこのこ,男の子,boy,people,男の子が 3にん います。There are 3 boys.,otokonoko,2
170,おととい,一昨日,day before yesterday,time,おととい ともだちに あいました。I met my friend the day before yesterday.,ototoi,2
171,おととし,一昨年,year before last,time,おととし にほんに きました。I came here two years ago.,ototoshi,2
172,おとな,大人,adult,people,"大人は 1,000えん、こどもは 500えんです。Adults are 1,000 yen and children are 500 yen.",otona,2
173,おなか,お腹,stomach,body,おなかが すきました。I'm hungry.,onaka,1
174,おなじ,同じ,same,unit,おなじ いみの ぶんは どれですか。Which sentences have the same meaning?,onaji,4
175,おにいさん,お兄さん,(honorable) older brother,people,おにいさんは にほんに いますか。Is your brother in Japan?,oniisan,2
176,おにぎり,お握り,rice ball,food,コンビニで おにぎりを ふたつ かいました。I bought two rice balls at a convenience store.,onigiri,1
177,おねえさん,お姉さん,(honorable) older sister,people,おねえさんは なにを していますか。What is your sister doing?,oneesan,2
178,おねがいします。,,Please.,sentence,,onegaishimasu,2
179,おばあさん,お祖母さん,"grandmother, female senior-citizen",people,おばあさんは なんさいですか。How old is your grandmother?,obaasan,2
180,おばさん,伯母さん/叔母さん,aunt,people,おばさんは いつ にほんに きますか。When will your aunt come to Japan?,obasan,2
181,おはようございます。,,Good morning.,sentence,,ohayougozaimasu,2
182,おふろ,お風呂,bath,places,,ofuro,1
183,おべんとう,お弁当,boxed lunch,food,おべんとうを つくります。I will make a lunch box.,obentou,1
184,おぼえる,覚える,to remember,action,アプリで あたらしい ことばを おぼえます。Learn new words in the app.,oboeru,3
185,おまわりさん,お巡りさん,friendly term for policeman,people,,omawarisan,2
186,おみせ,お店,shop = みせ。,places,えきの なかの お店で かいました。I bought it at a shop inside the station.,omise,1
187,おもい,重い,heavy,iadj,このノートパソコンはおもいです。This laptop is heavy.,omoi,3
188,おもしろい,面白ろい,interesting,iadj,おもしろいえいがをみました。I watched an interesting movie.,omoshiroi,3
189,おやすみなさい。,,Good night.,sentence,,oyasuminasai,2
190,およぐ,泳ぐ,to swim,action,まいしゅうまつ 500メートル およぎます。I swim 500 meters every weekend.,oyogu,3
191,おりる,降りる,"to get off, to descend",action,つぎの えきで でんしゃを おります。Get off the train at the next station.,oriru,3
192,おわる,終る,to finish,action,かいぎは 3じに おわります。The meeting ends at 3 o'clock.,owaru,4
193,おんがく,音楽,music,activity,おんがくが だいすきです。I love music.,ongaku,1
194,おんな,女,woman,people,わたしのオフィスには女のひとが 6にん います。There are 6 women in my office.,onna,3
195,おんなのこ,女の子,girl,people,女の子が 3にん います。There are 3 girls.,onnanoko,3
196,か,火,Tuesday = かようび。,time,3がつ15にち（火）  March 15th (Tuesday),ka,2
197,がいこく,外国,foreign country,places,外国に いきたいです。I want to go abroad.,gaikoku,1
198,がいこくじん,外国人,foreigner,people,うちの かいしゃには外国人が おおぜい います。There are many foreigners in my company.,gaikokujin,3
199,かいしゃ,会社,company,places,うちから 会社まで 40ぷんぐらいです。It's about 40 from our house to the company.,kaisha,2
200,かいだん,階段,stairs,home,かいだんで いきましょう。Let's go up the stairs.,kaidan,1
201,かいとうようし,解答用紙,answer sheet,stationery,これは テストの かいとうようしです。This is the test answer sheet.,kaitouyoushi,1
202,かいもの,買い物,shopping,activity,くるまで 買いものに いきます。I'm going shopping by car.,kaimono,1
203,かう,買う,to buy,action,おいしい パンを 買いました。I bought some delicious bread.,kau,4
204,かえす,返す,to return something,action,としょかんに ほんを かえします。Return the book to the library.,kaesu,4
205,かえる,帰る,to go back,action,タクシーで うちに かえります。I'll take a taxi home.,kaeru,4
206,かお,顔,face,body,あのひとの かおを おぼえていますか。Do you remember that person's face?,kao,1
207,かかる,掛かる,to take time or money,action,えきまで あるいて 10ぷん かかります。It takes 10 minutes on foot to the station.,kakaru,4
208,かぎ,鍵,key,manmade,うちに くるまの かぎを わすれました。I forgot my car key at home.,kagi,1
209,かく,書く,to write,action,えきまでの ちずを 書きましょうか。Shall I write a map to the station?,kaku,4
210,がくせい,学生,student,people,いもうとは まだ 学生です。My sister is still a student.,gakusei,3
211,かける,掛ける,to call by phone,action,あとで かいしゃに でんわを かけます。I'll call the company later.,Kakeru,4
212,かける,掛ける,wear,action,めがねを かけます。I wear glasses.,kakemasu,4
213,かさ,傘,umbrella,wearables,かさが ありますか。Do you have an umbrella?,kasa,1
214,かす,貸す,to lend,action,ペンを かしてください。Please lend a pen.,kasu,4
215,かぜ,風,wind,nature,きょうは とても かぜが つよいです。It's very windy today.,kaze,1
216,かぜ,風邪,a cold,nature,,kaze,1
217,かぞく,家族,family,people,わたしの かぞくも とうきょうに すんでいます。My family also lives in Tokyo.,kazoku,3
218,かた,方,"person, way of doing",atomic,つかいかたを おしえてください。Please teach me how to use it.,kata,2
219,カタカナ,片仮名,katakana,intangible,カタカナは むずかしくないです。Katakana is not difficult.,katakana,1
220,がっこう,学校,school,places,あるいて 学校に いきます。I will walk to school.,gakkou,2
221,カップ,,cup,home,,kappu,1
222,かてい,家庭,household,people,,katei,3
223,かど,角,a corner,places,つぎの かどを みぎに まがります。Turn right at the next corner.,kado,2
224,かない,家内,(my) wife,people,かないは いま うちに います。My wife is at home now.,kanai,3
225,かばん,鞄,"bag, basket",wearables,かばんの なかに PCが あります。There is a PC in the bag.,kaban,1
226,かびん,花瓶,a vase,manmade,テーブルの うえに かびんが あります。There is a vase on the table.,kabin,1
227,かぶる,被る,put on,action,ぼうしを かぶります。Put on a hat.,kaburimasu,4
228,かみ,紙,paper,stationery,紙を 1まい ください。Please give me a piece of paper.,Kami,1
229,カメラ,,camera,manmade,あたらしい カメラを かいたいです。I want to buy a new camera.,kamera,1
230,かようび,火曜日,Tuesday,time,きょうは 火よう日です。 Today is Tuesday.,kayoubi,2
231,からい,辛い,spicy,iadj,からい たべものは だいじょうぶですか。Is spicy food okay?,karai,3
232,からだ,体,body,body,スポーツは からだに いいです。Sports are good for you.,karada,1
233,かりる,借りる,to borrow,action,ともだちに かさを かりました。I borrowed an umbrella from my friend.,kariru,5
234,かるい,軽い,light,iadj,このバッグは かるいです。This bag is light.,karui,3
235,カレー,,curry,food,,karee,1
236,カレンダー,,calendar,stationery,これは きょねんの カレンダーです。This is last year's calendar.,karendaa,1
237,かわ,川/河,river,nature,おおきい川が あります。There is a big river.,kawa,1
238,かわいい,可愛い,cute,iadj,こどもは かわいいです。Children are cute.,kawaii,3
239,かんがえる,考える,"consider, think",action,いいアイデアを かんがえました。I came up with a good idea.,kangaemasu,5
240,かんじ,漢字,Chinese character,intangible,かんじの べんきょうを しています。I'm studying kanji.,kanji,1
241,かんたん,簡単,easy [na-adj.],naadj,このもんだいは かんたんです。This question is easy.,kantan,1
242,き,木,"tree, wood",nature,にわに おおきい 木が あります。There is a big tree in the garden.,ki,1
243,きいろ,黄色,yellow,color,,kiiro,1
244,きいろい,黄色い,yellow,iadj,きいろい マーカーで チェックします。Check with the yellow marker.,kiiroi,3
245,きえる,消える,to disappear,action,でんきが きえました。The electricity has gone out.,kieru,5
246,きく,聞く,"to hear, to listen to, to ask",action,イヤホンで おんがくを 聞きます。Listen to music with earphones.,kiku,5
247,きた,北,north,direction,北は どちらですか。Which direction is north?,kita,1
248,ギター,,guitar,manmade,ギターの れんしゅうを しています。I'm practicing the guitar.,gitaa,1
249,きたない,汚い,dirty,iadj,このビルの トイレは きたないです。The toilet in this building is dirty.,kitanai,3
250,きっさてん,喫茶店,coffee lounge,places,えきのまえに ふるい きっさてんが あります。There is an old coffee shop in front of the station.,kissaten,2
251,きって,切手,postage stamp,stationery,ゆうびんきょくで きってを かいました。I bought a stamp at the post office.,kitte,1
252,きっぷ,切符,ticket,stationery,これは しんかんせんの きっぷです。This is a Shinkansen ticket.,kippu,1
253,きのう,昨日,yesterday,time,きのう たくさん にほんごの べんきょうをしました。I studied a lot of Japanese yesterday.,kinou,2
254,きゅう,九,nine,unit,ほんを 九さつ かりました。I borrowed nine books.,kyuu,4
255,きゅう / く,九,nine,unit,いま 九じです。It's nine o'clock now.,kyuu/ku,4
256,ぎゅうにく,牛肉,beef,food,にほんで ぎゅうにくは たかいです。Beef is expensive in Japan.,gyuuniku,1
257,ぎゅうにゅう,牛乳,milk,food,まいあさ ぎゅうにゅうを のみます。I drink milk every morning.,gyuunyuu,1
258,きょう,今日,today,time,"今日は いい てんきですね。It's nice weather today, isn't it?",kyou,2
259,きょうしつ,教室,classroom,places,せんせいは きょうしつに います。The teacher is in the classroom.,kyoushitsu,2
260,きょうだい,兄弟,(humble) siblings,people,きょうだいが いますか。Do you have any siblings?,kyoudai,3
261,きょうと,京都,Kyoto [name of city],intangible,おととし きょうとに いきました。I went to Kyoto two years ago.,kyouto,1
262,きょねん,去年,last year,time,"きょねん にほんごの べんきょうをはじめました。Last year, I started studying Japanese.",kyonen,2
263,きらい,嫌い,hate,naadj,なっとうが きらいです。I hate natto.,kirai,1
264,きる,切る,to cut,action,やさいを きります。 Cut the vegetables.,kiru,5
265,きる,着る,to put on from the shoulders down,action,"さむいですから、セーターをきます。It's cold, so I'll wear a sweater.",kiru,5
266,きれい,,"pretty, clean",naadj,このへやは きれいです。This room is clean.,kirei,1
267,キロ/キログラム,,kilogram,unit,"1キロ、2キロ、3キロ・・・  1 kg, 2 kg, 3 kg ...",kiro/kiroguramu,4
268,キロ/キロメートル,,kilometre,unit,10キロぐらい はしりました。I ran about 10 km.,kiro/kiromeetoru,4
269,きん,金,Friday = きんようび。,time,2がつ26にち（金）  February 26th (Friday),kin,2
270,ぎんこう,銀行,bank,places,あとで 銀行に いきます。I will go to the bank later.,ginkou,2
271,きんようび,金曜日,Friday,time,金よう日に あいましょう。Let's meet on Friday.,kinyoubi,2
272,くすり,薬,medicine,food,しょくじの あとで くすりを のみます。Take medicine after meals.,kusuri,1
273,ください,,please,sentence,,kudasai,2
274,くだもの,果物,fruit,food,よく くだものを たべます。I often eat fruits.,kudamono,2
275,くち,口,"mouth, opening",body,かれは 口が おおきいです。He has a big mouth.,kuchi,1
276,くつ,靴,shoes,wearables,くつの サイズは いくつですか。What is the size of your shoes?,kutsu,1
277,くつした,靴下,socks,wearables,しろい くつ下を かいました。I bought white socks.,kutsushita,1
278,くに,国,country,places,"あした 国に かえります。Tomorrow, I will return to my country.",kuni,2
279,くもり,曇り,cloudy weather,nature,きょうは くもりです。It's cloudy today.,kumori,2
280,くもる,曇る,"to become cloudy, to become dim",action,,kumoru,5
281,くらい,暗い,gloomy,iadj,このへやは くらいです。This room is dark.,kurai,3
282,クラス,,class,activity,しゅうまつは ヨガの クラスに いきます。I go to yoga classes on weekends.,kurasu,1
283,グラム,,gram,unit,"1グラム、2グラム、3グラム・・・  1 gram, 2 gram, 3 gram ...",Guramu,4
284,くる,来る,to come,action,"らいしゅう りょうしんが とうきょうに 来ます。Next week, my parents will come to Tokyo.",kuru,5
285,くるま,車,"car, vehicle",transport,きょうは 車が おおいですね。There are many cars today.,kuruma,1
286,くろ,黒,black,color,くろで かきます。Write in black.,kuro,1
287,くろい,黒い,black,iadj,くろい バッグが 3つ あります。There are three black bags.,kuroi,3
288,くろく,黒く,black [adv.],color,くろく なりました。 It turned black.,kuroku,1
289,ケーキ,,cake,food,このケーキを 4つ ください。Please give me four of these cakes.,keeki,2
290,けいかん,警官,policeman,people,,keikan,3
291,けさ,今朝,this morning,time,今朝は ６じに おきました。I got up at 6 o'clock this morning.,kesa,2
292,けしゴム,消しゴム,eraser,stationery,けしゴムを かしてください。Please lend me an eraser.,keshigomu,1
293,けす,消す,"to erase, to turn off power",action,でんきを けします。Turn off the light.,kesu,5
294,げつ,月,Monday = げつようび。,time,4がつ22にち（月）  April 22nd (Monday),getsu,3
295,けっこう,結構,"splendid, enough",naadj,,kekkou,1
296,けっこん,結婚,marriage,action,2がつ15にちに けっこんしました。I got married on February 15th.,kekkon,5
297,げつようび,月曜日,Monday,time,月よう日は いつも いそがしいです。I'm always busy on Mondays.,getsuyoubi,3
298,げんかん,玄関,entry hall,places,げんかんで くつを ぬぎます。Take off your shoes at the entrance.,genkan,2
299,げんき,元気,"health, vitality",naadj,おげんきですか。How are you?,Genki,1
300,ご,五,five,unit,"にほん語、えい語、ちゅうごく語・・・ Japanese, English, Chinese ...",go,4
301,コート,,"coat, tennis court",wearables,"さむいから、コートをきます。It's cold, so I'll wear a coat.",kooto,1
302,コーヒー,,coffee,food,コーヒーを 2はい のみました。I drank two cups of coffee.,koohii,2
303,こうえん,公園,park,places,うちの ちかくに こうえんが あります。There is a park near my house.,kouen,2
304,こうさてん,交差点,intersection,places,,kousaten,2
305,こうちゃ,紅茶,black tea,action,もんだいに こたえてください。Please answer the question.,koucha,6
306,こうばん,交番,police box,manmade,えきの まえに こうばんが あります。There is a police box in front of the station.,kouban,1
307,こえ,声,voice,body,いい こえですね。You have a good voice.,koe,1
308,ここ,,here,direction,ここは あついです。It's hot here.,koko,1
309,ごご,午後,afternoon,time,あしたの 午後は うちに います。I'll be at home tomorrow afternoon.,gogo,3
310,ここのか,九日,"nine days, ninth day",unit,きょうは 九日です。Today is the 9th.,kokonoka,5
311,ここのつ,九つ,nine,unit,ふくろの なかに りんごが 九つ あります。There are nine apples in the bag.,kokonotsu,5
312,ごしゅじん,ご主人,(someone's) husband,people,ごしゅじんは いま どこに いますか。Where is your husband now?,goshujin,3
313,ごぜん,午前,morning,time,いま 午前 11じです。It's 11am now.,gozen,3
314,こたえ,答え,answer,intangible,ここに こたえを かいてください。Please write your answer here.,kotae,1
315,こたえる,答える,to answer,action,こたえかたが わかりません。I don't know how to answer.,kotaeru,6
316,ごちそうさまでした。,,I've enjoyed my meal very much. Thank you. (saying this after having a meal.),sentence,,gochisousamadeshita,2
317,こちら,,this person or way,direction,こちらは どなたですか。Who is this?,kochira,1
318,こちらこそ。,,"It is me, not you that ...",sentence,,kochirakoso,2
319,こっち,,this person or way,atomic,,kotchi,2
320,コップ,,a glass,home,テーブルの うえに コップが たくさん あります。There are many cups on the table.,koppu,1
321,ことし,今年,this year,time,今年は くにに かえりません。I will not return to the country this year.,kotoshi,3
322,ことば,言葉,"word, language",intangible,たくさん ことばを おぼえました。I learned a lot of words.,kotoba,1
323,こども,子供,child,people,わたしは 子どもが 3にん います。I have 3 children.,kodomo,4
324,この,,this,direction,このカメラは とても かるいです。This camera is very light.,kono,1
325,ごはん,御飯,"cooked rice, meal",food,あさ 8じに ごはんを たべました。I ate at 8 am.,gohan,2
326,コピー,,copy,stationery,コピーをもらってもいいですか。May I get a copy?,kopii,1
327,コピーする,,to copy,action,5ページから10ページまで コピーしてください。Please copy pages 5 to 10.,kopiisuru,6
328,こまる,困る,to be worried,action,スマホを わすれましたから、こまりました。I was in trouble because I forgot my smartphone.,komaru,6
329,ごめんください。,,"Hello!, May I come in?",sentence,,gomenkudasai,2
330,ごめんなさい。,,Sorry.,sentence,,gomennasai,2
331,これ,,this,direction,これを ２つと、それを ３つ ください。Please give me two of these and three of them.,kore,1
332,こんげつ,今月,this month,unit,今月は とても いそがしいです。This month is very busy.,kongetsu,5
333,こんしゅう,今週,this week,unit,今週は あまり いそがしくないです。I'm not very busy this week.,konShuu,5
334,こんな,,such,naadj,こんな りょうりが すきです。I like this kind of food.,konna,1
335,こんにちは。,,"Good morning., Good afternoon., Hello.",sentence,,konnichiha,2
336,こんばん,今晩,this evening,time,こんばん 9じに うちに かえります。 I'll be back home tonight at 9 o'clock.,konban,3
337,こんばんは。,,Good evening.,sentence,,konbanha,3
338,さあ,,well…,sentence,,saa,3
339,さいご,最後,"end, last time",time,レッスンの さいごに しゅくだいを あげます。I will give you homework at the end of the lesson.,saigo,3
340,さいふ,財布,wallet,home,,saifu,1
341,さかな,魚,fish,food,にくより 魚のりょうりが すきです。I like fish dishes better than meat.,sakana,2
342,さき,先,"the future, previous",time,お先に どうぞ。After you.,Saki,3
343,さく,咲く,to bloom,action,はるには いろいろなはながさきます。Various flowers bloom in spring.,saku,6
344,さくぶん,作文,"composition, writing",activity,さくぶんは いい れんしゅうです。Writing is a good practice.,sakubun,1
345,さす,差す,"to stretch out hands, to raise an umbrella",action,"あめでしたが、かさをさしませんでした。It was raining, but I didn't hold my umbrella.",sasu,6
346,サッカー,,"soccer, football",activity,あしたは サッカーの しあいが あります。Tomorrow there is a soccer game.,sakkaa,1
347,ざっし,雑誌,magazine,stationery,このざっしの しゃしんは きれいです。The photos in this magazine are beautiful.,zasshi,1
348,さとう,砂糖,sugar,food,コーヒーに さとうを いれますか。Would you like to add sugar to your coffee?,satou,2
349,さむい,寒い,cold,iadj,きょうは きのうより さむいです。It's colder today than yesterday.,samui,3
350,さようなら。,,Goodbye.,sentence,,sayounara,3
351,さらいねん,さ来年,year after next,time,たぶん さらいねん にほに いきます。Maybe I will go to Japan the year after next.,sarainen,3
352,さん,三,three,atomic,"すずきさん、さとうさん・・・  Mr. Suzuki, Ms. Sato",san,2
353,さんぽ(を)します,散歩(を)します,take a walk,action,けさ ははと さんぽをしました。I took a walk with my mother this morning.,sanpo(wo)shimasu,6
354,さんぽする,散歩,to stroll,action,ちちと ははは さんぽが すきです。My father and mother like walking.,sanposuru,6
355,し / よん,四,four,unit,"いち、に、さん、四、ご…  one, two, three, four, five ...",shi/yon,5
356,しお,塩,salt,food,しおを すこし いれてください。Please add a little salt.,shio,2
357,しかし,,however,atomic,べんきょうしました。しかし、わすれました。I studied. But I forgot.,shikashi,2
358,じかん,時間,time,unit,"1時間、2時間、3時間・・・1 hour, 2 hours, 3 hours ...",jikan,5
359,しごと,仕事,job,activity,どんな しごとを していますか。What kind of work do you do?,shigoto,1
360,じしょ,辞書,dictionary,stationery,じしょで しらべました。I looked it up in the dictionary.,jisho,1
361,しずか,静か,quiet,naadj,このカフェは しずかです。This cafe is quiet.,shizuka,1
362,した,下,below,direction,テーブルの 下に コンセントが あります。There is an outlet under the table.,shita,2
363,しち / なな,七,seven,unit,,shichi/nana,5
364,しつもん,質問,question,intangible,しつもんが あります。I have a question.,shitsumon,1
365,しつれいしました。,,I am sorry. (I am sorry to have been rude.),sentence,,shitsureishimashita,3
366,しつれいします。,,Excuse me.,sentence,,shitsureishimasu,3
367,じてんしゃ,自転車,bicycle,transport,じてんしゃで がっこうに いきます。I go to school by bicycle.,jitensha,1
368,じどうしゃ,自動車,automobile,transport,じどうしゃが 5だい あります。There are 5 cars.,jidousha,1
369,しぬ,死ぬ,to die,action,ペットが しにました。The pet has died.,shinu,6
370,じびき,字引,dictionary,stationery,"じしょと じびきは おなじです。""Jisho"" and ""Jibiki"" are the same.",jibiki,2
371,じぶん,自分,oneself,intangible,じぶんで つくりました。I made it myself.,jibun,1
372,しまる,閉まる,"to close, to be closed",action,ドアが しまります。The door closes.,shimaru,6
373,しめる,閉める,to close something,action,わたしは ドアを しめます。I close the door.,shimeru,7
374,しめる,締める,to tie,action,,shimeru,7
375,じゃ/じゃあ,,well then…,sentence,,ja/jaa,3
376,しゃしん,写真,photograph,manmade,いっしょに しゃしんを とりましょう。Let's take a picture together.,shashin,1
377,シャツ,,shirt,wearables,しろい シャツを かいました。I bought a white shirt.,shatsu,1
378,シャワー,,shower,activity,まいあさ シャワーを あびます。I take a shower every morning.,shawaa,1
379,ジュース,,juice,food,オレンジジュースをください。Please give me orange juice.,juusu,2
380,しゅう,週,week,unit,この週とこの週はとうきょうに います。This week and this week I'm in Tokyo.,Shuu,5
381,じゅう,十,ten,unit,おとこの ひとが 十にん います。There are ten men.,juu,5
382,じゅぎょう,授業,"lesson, class work",activity,きょうは にほんごの じゅぎょうが あります。I have a Japanese class today.,jugyou,2
383,しゅくだい,宿題,homework,activity,しゅくだいが たくさん あります。I have a lot of homework.,shukudai,2
384,じょうず,上手,skillful,naadj,かのじょは にほんごが じょうずです。She is good at Japanese.,jouzu,1
385,じょうずに,上手,well [adv.],intangible,とても 上手に できましたね。You did it very well.,jouzuni,2
386,じょうぶ,丈夫,"strong, durable",naadj,このスーツケースはじょうぶです。 This suitcase is durable.,joubu,2
387,しょうゆ,醤油,soy sauce,food,しょうゆを すこし いれます。Add a little soy sauce.,shouyu,2
388,しょくどう,食堂,dining hall,places,10かいに しょくどうが あります。There is a dining room on the 10th floor.,shokudou,3
389,しる,知る,to know,action,"「はい、知っています」「いいえ、知りません」""Yes, I know"" ""No, I don't know""",shiru,7
390,しろ,白,white,color,,Shiro,1
391,しろい,白い,white,iadj,白い はなを かいました。I bought a white flower.,shiroi,4
392,しんぶん,新聞,newspaper,stationery,うちで 新聞を よみます。I read the newspaper at home.,shinbun,2
393,すい,水,Wednesday = すいようび。,time,げつと水は やすみです。 Monday and Wednesday are closed.,sui,3
394,すいようび,水曜日,Wednesday,time,水よう日は うちで しごとを します。I work at home on Wednesday.,suiyoubi,4
395,すう,吸う,"to smoke, to suck",action,たばこを すいますか。Do you smoke?,suu,7
396,スカート,,skirt,wearables,ときどき スカートを はきます。I wear a skirt sometimes.,sukaato,1
397,すき,好き,likeable,naadj,わたしは べんきょうが すきです。I like studying.,suki,2
398,すくない,少ない,a few,iadj,きょうは しゅくだいが すくないです。I have less homework today.,sukunai,4
399,すぐに,直ぐに,instantly,time,すぐに おわります。It will end soon.,suguni,4
400,すこし,少し,few,unit,少し じかんを ください。Please give me some time.,sukoshi,5
401,すし,寿司,sushi,food,きのう すしを たべました。I ate sushi yesterday.,sushi,2
402,すしや,すし屋,sushi restaurant,places,きのうは すしやに いきました。Yesterday I went to a sushi restaurant.,sushiya,3
403,すずしい,涼しい,refreshing,iadj,きょうは きのうより すずしいです。Today is cooler than yesterday.,suzushii,4
404,ストーブ,,heater,home,これは ふるい ストーブです。This is an old stove.,sutoobu,1
405,スプーン,,spoon,home,スプーンで カレーを たべます。Eat curry with a spoon.,supuun,1
406,スポーツ,,sport,activity,なにか スポーツを していますか。Do you play any sports?,supootsu,2
407,ズボン,,trousers,wearables,ズボンを はきます。I wear pants.,zubon,1
408,すみません。,,Excuse me.,sentence,,sumimasen,3
409,すむ,住む,to live in,action,めぐろに 住んでいます。I live in Meguro.,sumu,7
410,スリッパ,,slippers,wearables,ここで スリッパを はきます。I will put on my slippers here.,surippa,1
411,する,為る,do,action,あしたは なにを しますか。What are you going to do tomorrow?,shimasu,7
412,すわる,座る,to sit,action,どうぞ ここに すわって ください。Please have a seat here.,suwaru,7
413,せ,背,"height, stature",intangible,あのひとは とても せが たかいです。That person is very tall.,se,2
414,セーター,,"sweater, jumper",wearables,このセーターは とても あたたかいです。This sweater is very warm.,seetaa,2
415,せいと,生徒,pupil,people,わたしは MLCの せいとです。I am a MLC student.,seito,4
416,せっけん,石鹸,soap,home,せっけんで よく てを あらいましょう。Wash your hands thoroughly with soap.,sekken,2
417,せびろ,背広,business suit,wearables,あのひとは いつも せびろを きています。That person is always in a suit.,sebiro,2
418,せまい,狭い,narrow,iadj,わたしの へやは せまいです。My room is small.,semai,4
419,ゼロ,零,zero,unit,これは カロリーゼロです。This is zero calories.,zero,6
420,せん,千,thousand,unit,これは 千えんです。This is a thousand yen.,sen,6
421,せんげつ,先月,last month,time,先月 ハワイに いきました。I went to Hawaii last month.,sengetsu,4
422,せんしゅう,先週,last week,time,先週の きんようびに びょういんに いきました。I went to the hospital last Friday.,senshuu,4
423,せんせい,先生,"teacher, doctor",people,すずき先生は どこに いますか。Where is Teacher Suzuki?,sensei,4
424,せんたく,洗濯,washing,activity,まいにち せんたくを します。I will do the laundry every day.,sentaku,2
425,ぜんぶ,全部,all,unit,しゅくだいは ぜんぶ おわりました。I've done all my homework.,zenbu,6
426,そうじ,掃除,cleaning,activity,わたしは そうじが すきです。I like cleaning.,souji,2
427,そうじする,掃除,"to clean, to sweep",action,これから このへやを そうじします。I'm going to clean this room.,soujisuru,7
428,そうして/そして,,and,atomic,ともだちに あいました。そして、すしやにいきました。I met my friend. Then I went to a sushi restaurant.,soushite/soshite,2
429,そうしましょう。,,Let's do it.,sentence,,soushimashou,3
430,そうです。,,That's right.,sentence,,soudesu,3
431,そうですか。,,I see.,sentence,,soudesuka,3
432,そうですね。,,"Oh right., Well ...",sentence,,soudesune,4
433,そこ,,that place,direction,かぎは そこに あります。 The key is there.,soko,2
434,そちら,,over there,direction,あした そちらに いきます。I will go there tomorrow.,sochira,2
435,そっち,,over there,direction,,sotchi,2
436,そと,外,outside,direction,外は すごい あめです。It's raining a lot outside.,soto,2
437,その,,"the, that",atomic,そのひとは とても しんせつでした。The person was very kind.,sono,2
438,そば,,"near, beside",direction,オフィスの そばの みせで かいました。I bought it at a store near my office.,soba,2
439,そら,空,sky,nature,きょうは 空が とても きれいですね。The sky is very beautiful today.,sora,2
440,それ,,"it, that",atomic,それは なんですか。 What is it?,sore,2
441,それから,,after that,atomic,"これをください。それから、これもください。 This one, please. Also, this one, please.",sorekara,2
442,それでは,,in that situation,atomic,それでは つぎの ページに いきましょう。Now let's go to the next page.,soredewa,3
443,だいがく,大学,university,places,大学で にほんごを べんきょうしました。I studied Japanese at university.,daigaku,3
444,たいしかん,大使館,embassy,places,これから たいしかんに いきます。I will go to the embassy from now on.,taishikan,3
445,だいじょうぶ,大丈夫,all right,naadj,だいじょうぶですか。Are you okay?,daijoubu,2
446,だいすき,大好き,to be very likeable,naadj,チーズケーキが だいすきです。I love cheesecake.,daisuki,2
447,たいせつ,大切,important,naadj,これは とても たいせつです。This is very important.,taisetsu,2
448,だいたい,大体,almost,atomic,だいたい おなじ いみです。It has almost the same meaning.,daitai,3
449,たいてい,大抵,"mostly, usually",atomic,あさごはんは たいてい パンと コーヒーです。Breakfast is usually bread and coffee.,taitei,3
450,だいどころ,台所,kitchen,places,かないと むすめは だいどころに います。My wife and daughter are in the kitchen.,daidokoro,3
451,たいへん,大変,very,naadj,きのうは たいへん いそがしかったです。It was very busy yesterday.,taihen,2
452,たかい,高い,"tall, expensive",iadj,このカメラは 高いです。This camera is expensive.,takai,4
453,だから,,"so, therefore",atomic,あしたは あめです。だから、うちにいます。It will rain tomorrow. So I will stay home.,dakara,3
454,たくさん,沢山,many,unit,きょうは たくさん しゅくだいが あります。I have a lot of homework today.,takusan,6
455,タクシー,,taxi,transport,タクシーで 行きましょう。Let's go by taxi.,takushii,1
456,だす,出す,to put out,action,バッグの なかから スマホを 出します。Take your smartphone out of the bag.,dasu,7
457,ただいま。,,"I'm home., I'm back.",sentence,,tadaima,4
458,ただしい,正しい,correct [i-adj.],iadj,ただしいぶんは どれですか。Which is the correct sentence?,tadashii,4
459,たつ,立つ,to stand,action,ここに 立ってください。Please stand here.,tatsu,7
460,たて,縦,"length, height",unit,,tate,6
461,たてもの,建物,building,manmade,たかい たてものが たくさん あります。There are many tall buildings.,tatemono,1
462,たのしい,楽しい,enjoyable,iadj,きのうの パーティーは とても たのしかったです。Yesterday's party was a lot of fun.,tanoshii,4
463,たのむ,頼む,to ask,action,たなかさんに このしごとを たのみます。I will ask Mr. Tanaka for this job.,tanomu,8
464,たばこ,煙草,"tobacco, cigarettes",manmade,わたしは たばこを すいません。I don't smoke.,tabako,1
465,たぶん,,probably,atomic,たぶん あしたは じかんが あります。Maybe I have time tomorrow.,tabun,3
466,たべもの,食べ物,food,food,コンビニで 食べものとのみものをかいました。I bought food and drinks at a convenience store.,tabemono,3
467,たべる,食べる,to eat,action,よく おすしを 食べます。I often eat sushi.,taberu,8
468,たまご,卵,egg,food,たまごを 10こ かいました。I bought 10 eggs.,tamago,3
469,だれ,誰,who,atomic,あのひとは だれですか。Who is that person.,dare,3
470,だれか,誰,somebody,atomic,,dareka,3
471,たんじょうび,誕生日,birthday,intangible,たんじょうびは いつですか。When is your birthday.,tanjoubi,2
472,だんだん,,gradually,atomic,だんだん あたたかくなりました。It's getting warmer and warmer.,dandan,3
473,ちいさい,小さい,little,iadj,小さい さかなが います。There is a small fish.,chiisai,4
474,ちいさな,小さな,little,naadj,小さな さかなが います。There is a small fish.,chiisana,2
475,ちかい,近い,near,iadj,わたしの うちは えきから 近いです。My house is close to the station.,chikai,4
476,ちがう,違う,to differ,action,N5とN4は レベルが ちがいます。N5 and N4 have different levels.,chigau,8
477,ちかく,近く,near,direction,近くの レストランで ばんごはんを たべました。I had dinner at a nearby restaurant,chikaku,2
478,ちかてつ,地下鉄,underground train,places,ちかてつは とても べんりです。The subway is very convenient.,chikatetsu,3
479,ちず,地図,map,stationery,ちずを みて チェックしましょう。Let's check by looking at the map.,chizu,2
480,ちち,父,(my) father,people,父は エンジニアです。My father is an engineer.,chichi,4
481,ちゃいろ,茶色,brown,color,わたしの さいふは ちゃいろです。My wallet is brown.,chairo,1
482,ちゃわん,茶わん,rice bowl,food,きれいな ちゃわんと おはしを かいました。I bought a beautiful bowl and chopsticks.,chawan,3
483,ちょうど,,exactly,atomic,いま 3じ ちょうどです。It's just 3 o'clock now.,choudo,3
484,ちょっと,,somewhat,atomic,すみません。ここでちょっと まってください。Excuse me. Please wait a moment here.,chotto,3
485,ついたち,一日,first of month,time,たんじょうびは ３がつ ついたちです。Birthday is March 1st.,tsuitachi,4
486,つかう,使う,to use,action,しごとで まいにち にほんごを つかいます。I use Japanese every day at work.,tsukau,8
487,つかれる,疲れる,to get tired,action,きょうは とても つかれました。I'm very tired today.,tsukareru,8
488,つぎ,次,next,direction,つぎの かどを みぎに まがってください。Turn right at the next corner.,tsugi,2
489,つく,着く,to arrive at,action,3じはんに なりたくうこうに つきます。I will arrive at Narita Airport at 3:30.,tsuku,8
490,つくえ,机,desk,home,つくえの うえに ほんが たくさん あります。There are many books on the desk.,tsukue,2
491,つくりかた,作り方,how to make,atomic,このりょうりの つくりかたを しりたいです。I want to know how to make this dish.,tsukurikata,4
492,つくる,作る,to make,action,あたらしいアプリをつくりました。I made a new app.,tsukuru,8
493,つける,点ける,to turn on,action,このリモコンで エアコンを つけます。Turn on the air conditioner with this remote control.,tsukeru,8
494,つとめる,勤める,to work for someone,action,ちいさい ITの かいしゃに つとめています。I work for a small IT company.,tsutomeru,8
495,つまらない,詰らない,boring,iadj,このえいがは つまらないです。This movie is boring.,tsumaranai,4
496,つめたい,冷たい,cold to the touch,iadj,つめたいのみのもはいかがですか。How about a cold drink?,tsumetai,5
497,つよい,強い,powerful,iadj,きょうは とても かぜが つよいです。It's very windy today.,tsuyoi,5
498,て,手,hand,body,手を みせてください。Please show me your hand.,te,1
499,テープ,,tape,stationery,ここに テープを はってください。Please stick the tape here.,teepu,2
500,テーブル,,table,home,このテーブルを つかってもいいですか。Can I use this table?,teeburu,2
501,テープレコーダー,,tape recorder,manmade,テープレコーダーはいまは ありません。There is no tape recorder now.,teepurekoodaa,2
502,ティッシュペーパー,,tissue,manmade,ティッシュペーパーをいちまい ください。Please give me a piece of tissue paper.,tisshupeepaa,2
503,でかける,出かける,to go out,action,きのうは どこにも でかけませんでした。I didn't go anywhere yesterday.,dekakeru,8
504,てがみ,手紙,letter,stationery,"よくメールは しますが、手紙はかきません。I often email, but I don't write letters.",tegami,2
505,できる,出来る,to be able to,action,わたしは ちゅうごくごと かんこくごも できます。I can also speak Chinese and Korean.,dekiru,9
506,でぐち,出口,exit,places,出口は あちらのドアです。The exit is that door.,deguchi,3
507,テスト,,test,intangible,あしたは かんじのテストがあります。Tomorrow I have a kanji test.,tesuto,2
508,では,,with that...,atomic,では、きょうの レッスンを おわりましょう。So let's finish today's lesson.,dewa,4
509,では,,"Well then, see you again.",sentence,,"dewa,mata",4
510,デパート,,department store,places,デパートに かいものに いきました。I went shopping at a department store.,depaato,3
511,でも,,"but, however",atomic,にちようびです。でも、うちでしごとを します。It's Sunday. But I do work at home.,demo,4
512,でる,出る,"to appear, to leave",action,あしたは あさ 7じに うちを 出ます。I will leave home at 7 am tomorrow.,deru,9
513,テレビ,,television,home,テレビで そのニュースを みました。I saw the news on TV.,terebi,2
514,てんき,天気,weather,nature,きょうは とても いい天気ですね。It's a very nice weather today.,tenki,2
515,でんき,電気,"electricity, electric light",nature,電気を つけても いいですか。Can I turn on the light?,denki,2
516,でんしゃ,電車,electric train,transport,電車は すこし こんでいました。The train was a little crowded.,densha,1
517,でんわ,電話,telephone,home,きのう ははから 電話が ありました。I got a call from my mother yesterday.,denwa,2
518,でんわします,電話をします,"call, ring",action,たまに かぞくに 電話します。I call my family once in a while.,denwashimasu,9
519,でんわばんごう,電話番号,telephone number,intangible,ここに 電話ばんごうをかいてください。Please write your phone number here.,denwabangou,2
520,と,戸,Japanese style door,home,とが あいています。The door is open.,to,2
521,ど,土,Saturday = どようび。,time,"5がつ16にち（ど）に にほんに いきます。I will go to Japan on Saturday, May 16th.",do,4
522,ドア,,Western style door,home,みぎがわのドアがあきます。The door on the right opens.,doa,2
523,トイレ,,toilet,places,トイレを かりても いいですか。Can I use the toilet?,toire,3
524,トイレットペーパー,,toilet paper,home,トイレットペーパーがありません！There is no toilet paper!,toirettopeepaa,2
525,どう,,"how, in what way",atomic,きのうの テストは どうでしたか。How was your test yesterday?,dou,4
526,どういたしまして。,,"You are welcome., Not at all.",sentence,,douitashimashite,4
527,とうきょう,東京,Tokyo,places,"とうきょうは おもしろい ところですね。Tokyo is an interesting place, isn't it?",Toukyou,3
528,どうして,,for what reason,atomic,どうして きのう やすみましたか。Why did you take a day off yesterday?,doushite,4
529,どうぞ,,please,sentence,,douzo,4
530,とうふ,豆腐,tofu,food,とうふ を たべたことが ありますか。Have you ever eaten tofu?,toufu,3
531,どうぶつ,動物,animal,nature,どうぶつえんに いろいろな どうぶつが います。There are various animals in the zoo.,doubutsu,2
532,どうも,,thanks,sentence,,doumo,4
533,どうもありがとう。,,Thanks a lot.,sentence,,doumoarigatou,4
534,とお,十,ten,unit,"ひとつ、ふたつ、みっつ、よっつ、いつつ、むっつ、ななつ、やっつ、ここのつ、十。One, two, three, four, five, six, seven, eight, nine, ten.",too,6
535,とおい,遠い,far,iadj,えきは ここから すこし とおいです。The station is a little far from here.,tooi,5
536,とおか,十日,"ten days, the tenth day",unit,きょうは 十日です。Today is the 10th.,tooka,6
537,とおく,遠く,"distantly, far [noun]",direction,りょうしんは とおくに すんでいます。My parents live far away.,tooku,2
538,ときどき,時々,sometimes,atomic,ときどき じぶんで りょうりを つくります。Sometimes I cook myself.,tokidoki,4
539,とけい,時計,"watch, clock",home,ともだちに かわいい とけいを プレゼントしました。I gave my friend a cute clock as a gift.,tokei,2
540,どこ,,where,direction,おてあらいは どこですか。Where is the restroom?,doko,2
541,どこか,何処か,somewhere,direction,どこかで ランチを たべませんか。Would you like to have lunch somewhere?,dokoka,3
542,ところ,所,place,places,どんな ところに すみたいですか。What kind of place do you want to live in?,tokoro,4
543,とし,年,year,unit,,Toshi,6
544,としょかん,図書館,library,places,わたしは ほとんど としょかんに いきません。I rarely go to the library.,toshokan,4
545,どっち,何方,which,atomic,"コーヒーとこうちゃ、どちがいいですか。Which would you like, coffee or tea? どちらからですか。Where are you from? どちらが いいですか。Which one would you like to choose?",dotchi,4
546,とても,,very,atomic,きょうは とても たのしかったです。I had a lot of fun today.,totemo,4
547,どなた,何方,who,atomic,この しゃしんの ひとは どなた ですか。Who is the person in this photo?,donata,4
548,となり,隣,next door to,direction,となりに すわってもいいですか。Can I sit next to you?,tonari,3
549,どの,,which,atomic,どのアプリを いちばん よく つかいますか。Which app do you use the most?,dono,4
550,とぶ,飛ぶ,"to fly, to hop",action,とりが たくさん とんでいます。A lot of birds are flying.,tobu,9
551,とまる,止まる,to come to a halt,action,このでんしゃは しぶやえきに とまりますか。Does this train stop at Shibuya Station?,tomaru,9
552,ともだち,友達,friend,people,きのうは 友だちと オンラインで はなしました。I talked online with my friends yesterday.,tomodachi,4
553,どようび,土曜日,Saturday,time,こんしゅうの 土よう日はやすみです。This Saturday is closed.,doyoubi,4
554,とり,鳥,bird,nature,きの うえに ちいさいとりが たくさん います。There are many small birds on the tree.,tori,2
555,とりにく,とり肉,chicken meat,nature,とりにくを よく たべます。I often eat chicken.,toriniku,2
556,とる,取る,to take something,action,すみません。こしょうをとってください。Excuse me. Could you pass the pepper?,toru,9
557,とる,撮る,to take a photo or record a film,action,きょうとで たくさん きれいな しゃしんを とりました。I took a lot of beautiful pictures in Kyoto.,toru,9
558,どれ,,which (of three or more),atomic,おすすめは どれですか。Which is your recommendation?,dore,5
559,どんな,,what kind of ...,atomic,どんな ものを たべたいですか。What kind of food do you want to eat?,donna,5
560,ナイフ,,knife,home,フォークと ナイフで ステーキを たべます。I eat steak with a fork and knife.,naifu,2
561,なか,中,middle,direction,ポケットの 中に ティッシュが あります。There is tissue in my pocket.,naka,3
562,ながい,長い,long,iadj,このえいがは とても 長いです。This movie is very long.,nagai,5
563,なく,鳴く,"animal noise. to chirp, roar or croak etc.",action,たくさんの とりが ないています。Many birds are singing.,naku,9
564,なくす,無くす,to lose something,action,,nakusu,9
565,なぜ,,why,atomic,,naze,5
566,なつ,夏,summer,nature,いちねんの なかで なつが いちばん すきです。I like summer the best of the year.,Natsu,2
567,なつやすみ,夏休み,summer holiday,time,,natsuyasumi,4
568,など,,et cetera,atomic,"バッグの なかに スマホや サイフなどが あります。There are smartphones, wallets and other things in the bag.",nado,5
569,ななつ,七つ,seven,unit,"このドーナツを 七つ ください。7 of these donuts, please.",nanatsu,6
570,なに,何,what,atomic,しゅうまつは 何を しましたか。What did you do on the weekend?,nani,5
571,なにか,何か,something,atomic,何か つめたい のみものは いかがですか。How about some cold drink?,nanika,5
572,なのか,七日,"seven days, the seventh day",unit,きょうは 七日です。Today is the 7th.,nanoka,6
573,なまえ,名前,name,people,こちらに 名前と じゅうしょを かいてください。Please write your name and address here.,namae,4
574,ならう,習う,to learn,action,ははに りょうりを ならいました。I learned cooking from my mother.,narau,9
575,ならぶ,並ぶ,"to line up, to stand in a line",action,みせの そとで 30ぷん ならびました。I lined up outside the store for 30 minutes.,narabu,10
576,ならべる,並べる,"to line up, to set up",action,テーブルの うえに おさらを ５まい ならべます。I line up five dishes on the table.,naraberu,10
577,なる,成る,to become,action,こどもは らいげつ 5さいに なります。My child will be 5 years old next month.,naru,10
578,なん,何,what,atomic,このスイッチは 何ですか。What is this switch?,,5
579,なん/なに,何,what,atomic,,nan/nani,5
580,なんじ,何時,what time,time,あしたは 何時にどこであいましょうか。What time and where will we meet tomorrow?,nanji,4
581,なんにち,何日,which day of the month,time,きょうは 何日ですか。What day is it today?,nannichi,4
582,に,二,two,unit,"三、二、一 スタート！  Three, two, one start!",ni,7
583,にぎやか,賑やか,"bustling, busy",naadj,"ここは にぎやなかな レストランですね。This is a lively restaurant, isn't it?",nigiyaka,2
584,にく,肉,meat,food,"さかなと にく、どちらがいいですか。Which do you prefer, fish or meat?",niku,3
585,にし,西,west,direction,西は こっちです。West is this direction.,nishi,3
586,にち,日,Sunday = にちようび。,time,たんじょうびは  5がつ 17にちです。My birthday is May 17th.,nichi,5
587,にちようび,日曜日,Sunday,time,こんどの 日よう日の おひるごろに あいましょうか。Shall we meet next Sunday around noon?,nichiyoubi,5
588,にねん,,two years,unit,わたしは にほんに きて もう 二年です。I have been in Japan for two years now.,ninen,7
589,にほん,日本,Japan,places,１ねんまえから 日本で しごとを しています。I have been working in Japan for a year.,Nihon,4
590,にほんご,日本語,Japanese language,intangible,はんとしまえから日本語を べんきょうしています。I have been studying Japanese for half a year.,Nihongo,2
591,にもつ,荷物,luggage,wearables,ここに にもつを おいても いいですか。Can I put my luggage here?,nimotsu,2
592,ニュース,,news,intangible,よく インターネットで ニュースを みます。I often watch the news on the internet.,nyuusu,2
593,にわ,庭,garden,places,にわに いぬが 2ひき います。There are two dogs in the yard.,niwa,4
594,ぬぐ,脱ぐ,to take off clothes,action,いつも ここで くつを ぬぎます。I always take off my shoes here.,nugu,10
595,ぬる,塗る,paint,action,テーブルを しろく ぬります。I paint the table white.,nurimasu,10
596,ぬるい,温い,luke warm,iadj,,nurui,5
597,ネクタイ,,"tie, necktie",wearables,わたしは ネクタイが 30ぽんぐらい あります。I have about 30 ties.,nekutai,2
598,ねこ,猫,cat,nature,,neko,2
599,ねる,寝る,"to go to bed, to sleep",action,いつも 12じごろに ねます。I always go to bed around 12 o'clock.,neru,10
600,ノート,,"notebook, exercise book",stationery,じぶんの ノートに かいてください。Write it in your notebook.,nooto,2
601,のぼる,登る,to climb,action,なつに ともだちと ふじさんにのぼります。I will climb Mt. Fuji with my friends this summer.,Noboru,10
602,のみもの,飲み物,a drink,food,飲みものは なにが いいですか。What do you like for a drink?,nomimono,3
603,のむ,飲む,to drink,action,まいにち コーヒーを ３ばいぐらい 飲みます。I drink about 3 cups of coffee every day.,nomu,10
604,のる,乗る,"to get on, to ride",action,うちの ちかくから えきまで バスに のります。I take a bus from near my house to the station.,noru,10
605,は,歯,tooth,body,きょうは すこし はが いたいです。I have a slight toothache today.,wa,1
606,パーティー,,party,activity,こんばん ともだちのうちで パーティーが あります。I have a party at my friend's house tonight.,paatii,2
607,はい,,yes,sentence,,hai,4
608,はいざら,灰皿,ashtray,manmade,すみません。はいざらがありますか。Excuse me. Do you have an ashtray?,haizara,2
609,はいる,入る,"to enter, to contain",action,いつも  このいりぐちから なかに 入ります。I always enter through this entrance.,hairu,10
610,はがき,葉書,postcard,stationery,ゆびんきょくで はがきを 10まい かいました。I bought 10 postcards at the post office.,hagaki,2
611,はく,佩く,"to wear, to put on trousers",action,いつも ここで くつを はきます。I always put on shoes here.,haku,11
612,はこ,箱,box,stationery,はこの なかに くるまの かぎが あります。There is a car key in the box.,hako,2
613,はし,橋,bridge,places,あの おおきい はしを あるいて わたります。I walk across a large bridge.,hashi,4
614,はし/おはし,,chopsticks,home,おはしで おすしを たべます。I eat sushi with chopsticks.,hashi/ohashi,2
615,はじまる,始まる,to begin,action,らいしゅうから にほんごのレッスンがはじまります。Japanese lessons will start next week.,hajimaru,11
616,はじめ,初め/始め,beginning,time,"はじめに ひらがなと カタカナを べんきょうしました。First, I studied hiragana and katakana.",hajime,5
617,はじめて,初めて,for the first time,unit,きょねん はじめて ふじさんをみました。I saw Mt. Fuji for the first time last year.,hajimete,7
618,はじめまして。,,Nice to see you.,sentence,,hajimemashite,4
619,はしる,走る,to run,action,,hashiru,11
620,バス,,bus,transport,うちから がっこうまでバスで 20ぷんです。20 minutes by bus from my house to school.,basu,1
621,バスがいしゃ,,"bus agency, bus company",intangible,いもうとは バス会社に つとめています。My sister works for a bus company.,basugaisha,2
622,バスてい,バス停,bus stop,transport,このちかくに バスていが ありますか。Is there a bus stop near here?,basutei,1
623,バスりょこう,,"bus tour, bus trip",activity,わたしの ちちと ははは バスりょこうが すきです。My dad and mom love bus trips.,basuryokou,2
624,バター,,butter,food,パンに バターを ぬります。I spread butter on bread.,bataa,3
625,はたち,二十歳,"20 years old, 20th year",unit,おとうとは らいげつ はたちに なります。My brother will be 20 next month.,hatachi,7
626,はたらく,働く,to work,action,こんしゅうは しゅうまつも はたらきます。This week I also work on weekends.,hataraku,11
627,はち,八,eight,unit,八人で りょこうに いきました。I went on a trip with 8 people.,hachi,7
628,はつか,二十日,"twenty days, twentieth",unit,きょうは 二十日です。Today is the 20th.,watsuka,7
629,はな,花,flower,nature,,Hana,2
630,はな,鼻,nose,body,わたしは はなが ひくいです。I have a low nose.,Hana,1
631,はなし,話,"talk, story",intangible,せんせいから おもしろい話を ききました。I heard an interesting story from the teacher.,hanashi,2
632,はなす,話す,to speak,action,よく ともだちと にほんごを 話します。I often speak Japanese with my friends.,hanasu,11
633,はは,母,(my) mother,people,ときどき 母に メールします。I email my mother sometimes.,haha,4
634,はやい,早い,early,iadj,あさ 4じはんは はやいです。4:30 in the morning is early.,hayai,5
635,はやい,速い,quick,iadj,,hayai,5
636,はる,春,spring,nature,はなが すきですから、はるがすきです。I like spring because I like flowers.,haru,2
637,はる,貼る,to stick,action,,haru,11
638,はる,張る,"stick, put something on",action,ふうとうに きってを はります。I put a stamp on the envelope.,harimasu,11
639,はれ,晴れ,clear weather,nature,あしたは たぶん はれです。It will probably be sunny tomorrow.,hare,2
640,はれる,晴れる,to be sunny,action,ごごは たぶん はれます。It will probably be sunny in the afternoon.,hareru,11
641,はん,半,half,unit,いま 9じ半です。It's 9:30 now.,han,7
642,ばん,晩,evening,atomic,"１ばん、２ばん、３ばん・・・  No.1, No.2, No.3 ...",ban,5
643,パン,,bread,food,あさは ふつう パンを たべます。I usually eat bread in the morning.,pan,3
644,ハンカチ,,handkerchief,manmade,ポケットの なかに ハンカチが あります。There is a handkerchief in my pocket.,hankachi,2
645,ばんごう,番号,number,unit,でんわばんごうはなんばんですか。What is your phone number?,bangou,7
646,ばんごはん,晩御飯,evening meal,food,こんばんは うちで ばんごはんを たべます。I'll have dinner at home tonight.,bangohan,3
647,はんぶん,半分,half minute,unit,きのうのよる 半分だけ しゅくだいを しました。I did my homework only half last night.,hanbun,7
648,パンや,,bakery,places,えきの なかに おいしい パンやが あります。There is a delicious bakery inside the station.,panya,4
649,ひ,日,day,unit,きょうは とても いい日でした。Today was a very good day.,hi,7
650,ひがし,東,east,direction,東は あっちです。East is that direction.,higashi,3
651,ひく,弾く,"to play an instrument with strings, including piano",action,ときどき ギターを ひきます。I play the guitar sometimes.,hiku,11
652,ひく,引く,to pull,action,おかねを いれて、レバーをひきます。Put some money and pull the lever.,hiku,11
653,ひくい,低い,"short, low",iadj,いもうとは せが ひくいです。My sister is short.,hikui,5
654,ひこうき,飛行機,aeroplane,transport,ひこうきの よやくを しました。I made a reservation for an airplane.,hikouki,1
655,ひだり,左,left hand side,direction,つぎの しんごうを 左に まがってください。Turn left at the next traffic light.,hidari,3
656,ひと,人,person,unit,こうえんに 人が たくさん います。There are many people in the park.,hito,8
657,ひとつ,一つ,one,unit,すみません。これを一つ ください。Excuse me. Please give me this one.,hitotsu,8
658,ひとつき,一月,one month,unit,にほんに きて 一月です。It's been a month since I came to Japan.,hitotsuki,8
659,ひとり,一人,one person,unit,ことしの なつは 一人で りょこうに いきます。I'm going on a trip alone this summer.,hitori,8
660,ひま,暇,free time,naadj,こんしゅうまつは ひまです。I'm free this weekend.,hima,2
661,ひゃく,百,hundred,unit,これは どれでも ひとつ 百えんです。Each one costs 100 yen.,hyaku,8
662,びょういん,病院,hospital,places,つきに １かい びょういんに いきます。I go to the hospital once a month.,byouin,4
663,びょうき,病気,illness,intangible,ははは いま びょうきです。My mother is sick now.,byouki,2
664,ひらがな,平仮名,Hiragana,intangible,ひらがなで かきます。I write in hiragana.,hiragana,2
665,ひる,昼,"noon, daytime",time,あしたの 昼は うちに います。I'll be at home tomorrow noon.,hiru,5
666,ビル,,building,intangible,たかい ビルが たくさん あります。There are many tall buildings.,biru,2
667,ひるごはん,昼御飯,midday meal,food,ともだちと 昼ごはんを たべました。I ate lunch with my friends.,hirugohan,3
668,ひろい,広い,"spacious, wide",iadj,このへやは とても 広いです。This room is very large.,hiroi,5
669,プール,,swimming pool,places,"きのう プールで 1,000メートル およぎました。I swam 1,000 meters in the pool yesterday.",puuru,4
670,フィルム,,roll of film,manmade,カメラに フィルムを いれます。I put the film in the camera.,firumu,2
671,ふうとう,封筒,envelope,stationery,ふうとうの なかに チケットを いれます。I put the ticket in the envelope.,fuutou,2
672,フォーク,,fork,home,フォークとナイフでステーキを たべます。I eat steak with a fork and knife.,fooku,2
673,ふく,吹く,blow,action,そとは すごい かぜが ふいています。There is a terrible wind outside.,fuku,12
674,ふく,吹く,to blow,wearables,あたらしい ふくを たくさん かいました。I bought a lot of new clothes.,fuku,2
675,ふく,服,clothes,wearables,あたらしい ふくを たくさん かいました。I bought a lot of new clothes.,fuku,2
676,ふたつ,二つ,two,unit,このパンを 二つ ください。Please give me two of these breads.,futatsu,8
677,ぶたにく,豚肉,pork,food,わたしは ぶたにくを たべません。I don't eat pork.,butaniku,3
678,ふたり,二人,two people,unit,わたしは こどもが 二人 います。I have two children.,futari,8
679,ふつか,二日,"two days, second day of the month",time,きょうは 二日です。Today is 2nd.,futsuka,5
680,ふとい,太い,fat,iadj,ふといペンで じゅうしょを かきます。I write my address with a thick pen.,futoi,5
681,ふゆ,冬,winter,nature,まいとし ふゆに スキーに  いきます。I go skiing every winter.,fuyu,2
682,ふる,降る,"to fall, e.g. rain or snow",action,たぶん こんばんは あめが ふります。Maybe it will rain tonight.,furu,12
683,ふるい,古い,old (not used for people),iadj,これは 古いカメラです。This is an old camera.,furui,6
684,ふろ,風呂,bath,activity,まいにち おふろに はいります。I take a bath every day.,furo,2
685,ぶん,分,sentence,intangible,ながい 文を かいてください。Please write a long sentence.,bun,2
686,ぶんしょう,文章,"sentence, text",intangible,つぎの ぶんしょうを よんで、しつもんにこたえてください。Please read the following sentences and answer the questions.,bunshou,2
687,ページ,頁,page,unit,13ページを みてください。Please look at page 13.,peeji,8
688,へた,下手,unskillful,naadj,わたしは うたが へたです。I'm not good at singing.,heta,2
689,ベッド,,bed,home,ベッドの したに ねこが います。There is a cat under the bed.,beddo,2
690,ペット,,pet,nature,,petto,2
691,へや,部屋,room,places,この へやは ひろいですね。This room is large.,heya,4
692,へん,辺,area,direction,このへんにATMが ありますか。Is there an ATM near here?,hen,3
693,ペン,,pen,stationery,ここに なまえを ペンで かいてください。Please write your name here with a pen.,pen,2
694,べんきょうする,勉強,to study,action,まいにち うちで にほんごを べんきょうします。I will study Japanese at home every day.,benkyousuru,12
695,べんり,便利,"useful, convenient",naadj,このアプリは とても べんりです。This app is very useful.,benri,2
696,ボールペン,,ball-point pen,stationery,ボールペンを もっていますか。Do you have a ballpoint pen?,boorupen,2
697,ぼうし,帽子,hat,wearables,さむいひは ぼうしを かぶります。I wear a hat on cold days.,boushi,2
698,ほか,,"other, the rest",atomic,ほかの ひは  どうですか。How about the other day?,hoka,5
699,ぼく,僕,"I (generally young boys, but some adult use as a style)",people,ぼくは 13さいです。I am 13 years old.,boku,4
700,ポケット,,pocket,wearables,ポケットの なかに けいたいでんわがあります。I have a mobile phone in my pocket.,poketto,2
701,ほしい,欲しい,want,iadj,あたらしいカメラがほしいです。 I want a new camera.,hoshii,6
702,ポスト,,post,manmade,,posuto,2
703,ほそい,細い,thin,iadj,ほそいペンで イラストを かきます。Draw an illustration with a thin pen.,hosoi,6
704,ボタン,,button,wearables,このシャツは ボタンが ひとつ ありません。This shirt doesn't have one button.,botan,2
705,ホテル,,hotel,places,ホテルで おいしい ひるごはんを たべました。I had a delicious lunch at the hotel.,hoteru,4
706,ほん,本,book,unit,しゅうに ３さつぐらい 本を よみます。I read about 3 books a week.,hon,8
707,ほんだな,本棚,bookshelves,home,ほんだなに本が 200さつぐらい あります。There are about 200 books on the bookshelf.,hondana,2
708,ほんとう,本当,truth,atomic,ほんとうですか。しりませんでした。Is it true? I did not know that.,hontou,5
709,ほんや,本屋,bookshop,places,５かいに おおきい ほんやが あります。There is a large bookstore on the 5th floor.,honya,4
710,まいあさ,毎朝,every morning,time,毎朝 コーヒーを ２はい のみます。I drink two cups of coffee every morning.,maiasa,5
711,まいげつ/まいつき,毎月,every month,time,毎月 ホンコンに しゅっちょうします。I go on a business trip to Hong Kong every month.,maigetsu/Maitsuki,5
712,まいしゅう,毎週,every week,time,毎週 げつようびに ジムに いきます。I I go to the gym in my neighborhood every week.,maiShuu,5
713,まいにち,毎日,every day,time,へいじつは毎日 7じはんに おきます。I wake up at 7:30am every weekday.,mainichi,5
714,まいねん/まいとし,毎年,every year,time,毎年 ８がつと 12がつに りょこうを します。I travel every August and December.,mainen/Maitoshi,5
715,まいばん,毎晩,every night,time,毎ばん １じかんぐらい ゲームをします。I play games for about an hour every night.,maiban,6
716,まえ,前,before,unit,2ねん前に にほんに きました。I came to Japan two years ago. before ... レッスンの 前に トイレに いきます。Go to the bathroom before the lesson.,mae,8
717,まがる,曲る,"to turn, to bend",action,２つめの かどを みぎに まがります。Turn right at the second corner.,magaru,12
718,まずい,不味い,unpleasant,iadj,このりょうりは ほんとうに まずいです。This dish is really bad.,mazui,6
719,また,,"again, and",atomic,"じゃ、また らいしゅう！ Then, see you next week!",mata,5
720,まだ,未だ,"yet, still",atomic,"「もう おわりましたか」「まだです」""Have you finished yet?""""Not yet.""",mada,5
721,まち,町,"town, city",places,わたしたちは このまちが すきです。We like this town.,machi,4
722,まつ,待つ,to wait,action,ここで  タクシーを まちます。I'll wait for a taxi here.,Matsu,12
723,まっすぐ,真っ直ぐ,"straight ahead, direct",naadj,このみちを 100mぐらい まっすぐ いきます。Go straight on this road for about 100m.,massugu,2
724,マッチ,,match,manmade,たぶん うちに マッチは ありません。There is probably no match at home.,matchi,2
725,まど,窓,window,home,このまどを あけても いいですか。Is it okay to open this window?,Mado,2
726,まるい,丸い/円い,"round, circular",iadj,まるいテーブルをかいたいです。I want to buy a round table.,marui,6
727,まん,万,ten thousand,unit,"このタブレットは 5万えんで かいました。I bought this tablet for 50,000 yen.",man,9
728,まんねんひつ,万年筆,fountain pen,stationery,たかい まんねんひつを ３ぼん もっています。I have three expensive fountain pens.,mannenhitsu,2
729,みがく,磨く,"to brush teeth, to polish",action,しょくじのあとで はを みがきます。I will brush after the meal.,migaku,12
730,みぎ,右,right side,direction,つぎの かどを 右に まがります。Turn right at the next corner.,migi,3
731,みじかい,短い,short,iadj,みじかいえいがを３ぼん みました。I watched 3 short movies.,mijikai,6
732,みず,水,water,nature,つめたい水を ください。Please give me cold water.,mizu,2
733,みせ,店,shop,places,この店の やきとりは さいこうです。The yakitori in this shop is the best.,mise,4
734,みせる,見せる,to show,action,いりぐちで チケットを 見せます。I will show them the ticket at the entrance.,miseru,12
735,みち,道,street,direction,この道を まっすぐ いってください。Please go straight on this road.,michi,3
736,みっか,三日,"three days, third day of the month",unit,きょうは 三日です。Today is the 3rd.,mikka,9
737,みっつ,三つ,three,unit,このふくは ポケットが 三つ あります。This cloth has three pockets.,mittsu,9
738,みどり,緑,green,color,,midori,1
739,みなさん,皆さん,everyone,people,"みなさん、こんにちは。Hello everyone.,minasan",minasan,4
740,みなみ,南,south,direction,南は こっちです。South is this direction.,minami,3
741,みみ,耳,ear,body,わたしは 耳が ちいさいです。I have small ears.,mimi,1
742,みる,見る  観る,"to see, to watch",action,よく ネットで えいがを 見ます。I often watch movies online.,miru,12
743,みんな,皆,everyone,people,これは みんな 100えんです。This is all 100 yen.,minna,4
744,むいか,六日,"six days, sixth day of the month",unit,きょうは 六日です。Today is the 6th.,muika,9
745,むこう,向こう,over there,direction,だんせいの おてあらいは むこうです。Men's restrooms are over there.,mukou,3
746,むずかしい,難しい,difficult,iadj,このもんだいは とても むずかしいです。This question is very difficult.,muzukashii,6
747,むっつ,六つ,six,unit,その ちいさい パンを 六つ ください。Please give me six of those little breads.,muttsu,9
748,むら,村,village,nature,,mura,2
749,め,目,eye,body,わたしは 目が あまり よくないです。My eyes are not very good.,me,1
750,メートル,,metre,unit,"１メートル、1.5メートル、２メートル  1 meter, 1.5 meters, 2 meters",meetoru,9
751,めがね,眼鏡,glasses,home,ポケットの なかに めがねが あります。I have glasses in my pocket.,megane,2
752,メモ,,memo,stationery,バッグの なかに メモが あります。There is a note in my bag.,memo,2
753,メモします,,make a note,action,メモしてもいいですか。Can I make a note?,memoshimasu,12
754,もう,,already,atomic,もう おわりました。It's already over.,mou,5
755,もういちど,もう一度,again,atomic,,mouichido,5
756,もく,木,Thursday = もくようび。,time,5がつ13にち（木）  May 13th (Thursday).,moku,6
757,もくようび,木曜日,Thursday,time,木よう日に どこかで あいませんか。Would you like to meet somewhere on Thursday?,mokuyoubi,6
758,もしもし,,hello (telephone),sentence,"もしもし、さとうですが、…。Hello, this is Sato ....",moshimoshi,4
759,もちろん,,of course,sentence,"はい、もちろん。Yes of course.,mochiron",mochiron,4
760,もつ,持つ,to hold,action,バッグを もちましょうか。Shall I carry your bag?,motsu,12
761,もっていく,持もっていく,take (something) （もってきます。= bring (something)）,action,パーティーに なにを もっていきますか。What are you going to take to the party?,motteikimasu,13
762,もっと,,more,sentence,もっと おおきい こえで はなしてください。Please speak louder.,motto,4
763,もの,物,thing,intangible,いちばん いいものを えらんでください。Please choose the best one.,mono,2
764,もらう,貰う,receive,action,ともだちに プレゼントを もらいました。I got a present from my friend.,moraimasu,13
765,もん,門,gate,manmade,あそこの もんから はいってください。Please enter from the gate over there.,mon,2
766,もんだい,問題,problem,intangible,これは むずかしいもんだいです。This is a difficult question.,mondai,2
767,もんだいようし,問題用紙,question sheet,stationery,まだ もんだいようしを みないでください。Don't look at the question paper yet.,mondaiyoushi,2
768,もんだいれい,問題例,sample question,intangible,これは N5のもんだいれいです。This is an example of an N5 question.,mondairei,2
769,やおや,八百屋,greengrocer,places,ちかくの やおやで くだものを かいました。I bought some fruits at a nearby greengrocer.,yaoya,4
770,やさい,野菜,vegetable,food,まいにち やさいを たべます。I eat vegetables every day.,yasai,3
771,やさしい,易しい,"easy, simple",iadj,このテストは やさしいです。This test is easy. かれは とても やさしいです。He is very kind.,yasashii,6
772,やじるし,矢印,arrow,manmade,あそこに あかい やじるしが あります。There is a red arrow over there.,yajirushi,2
773,やすい,安い,cheap,iadj,このみせの ランチは 安いですが、おいしいです。Lunch at this shop is cheap but delicious.,yasui,6
774,やすみ,休み,"rest, holiday",activity,"あしたは 休みですから、かいものにいきます。I'm off tomorrow, so I'm going shopping.",yasumi,2
775,やすむ,休む,to rest,action,"あしたから １しゅうかん 休みます。I will take a week off from tomorrow. つかれましたから、すこしやすみます。I'm tired, so I'll take a break.",yasumu,13
776,やっつ,八つ,eight,unit,このドーナツを 八つ ください。Please give me eight of these donuts.,yattsu,9
777,やま,山,mountain,nature,しゅうまつに たかい やまに のぼりました。I climbed a high mountain on the weekend.,yama,2
778,やる,遣る,to do,action,そのしごとは あとで わたしが やります。I will do the work later.,yaru,13
779,ゆうがた,夕方,evening,time,"なつでも ゆうがたは すずしいです。Even in the summer, it is cool in the evening.",Yuugata,6
780,ゆうはん,夕飯,dinner,food,,Yuuhan,3
781,ゆうびんきょく,郵便局,post office,places,ゆうびんきょくにはあまり いきません。I don't go to the post office very often.,yuubinkyoku,4
782,ゆうべ,昨夜,last night,time,,yuube,6
783,ゆうめい,有名,famous,naadj,これは すごく有名なアニメです。This is a very famous anime.,yuumei,2
784,ゆき,雪,snow,nature,"ふゆは たくさん ゆきが ふります。In winter, there are many snowfalls.",Yuki,2
785,ゆく,行く,to go,action,,yuku,13
786,ゆっくりと,,slowly,intangible,もうすこし ゆっくり はなしてください。Please speak a little more slowly.,yukkurito,2
787,ようか,八日,"eight days, eighth day of the month",unit,"きょうは 八日、きんようびです。Today is the 8th, Friday.",youka,9
788,ようふく,洋服,western-style clothes,places,ともだちのたんじょうびにようふくを あげました。I gave clothes to my friend's birthday.,youfuku,4
789,よく,,"often, well",time,よく カフェで しごとを します。I often work at a nearby cafe.,yoku,6
790,よこ,横,"beside, side, width",direction,テレビの よこに スイッチが あります。There is a switch next to the TV.,yoko,3
791,よっか,四日,"four days, fouth day of the month",unit,,yokka,9
792,よっつ,四つ,four,unit,アイスコーヒーを 四つ ください。Please give me four iced coffees.,yottsu,9
793,よぶ,呼ぶ,"to call out, to invite",action,おみせの ひとを よびましょう。Let's call the shop staff.,yobu,13
794,よむ,読む,to read,action,むすめは よく ほんを 読みます。My daughter often reads books.,yomu,13
795,より、ほう,,Used for comparison.,atomic,ふゆより なつのほうが すきです。I like summer better than winter.,"yori,hou",5
796,よる,夜,"evening, night",time,あしたの夜 カフェで ともだちに あいます。I'll see my friends at the cafe tomorrow night.,yoru,6
797,よろしく。,,(Please favor me.),sentence,,yoroshiku,4
798,よわい,弱い,weak,iadj,,yowai,6
799,ラーメン,拉麺,"ramen, noodle",food,ときどき ラーメンを たべます。I eat ramen sometimes.,raamen,3
800,らいげつ,来月,next month,time,たぶん 来月 シンガポールに いきます。Maybe I'm going to Singapore next month.,raigetsu,6
801,らいしゅう,来週,next week,time,来週は とても いそがしいです。I will be very busy next week.,raishuu,6
802,らいねん,来年,next year,time,来年 けっこんします。I'm getting married next year.,rainen,6
803,ラジオ,,radio,manmade,いまは ほとんど ラジオを ききません。I rarely listen to the radio now.,rajio,2
804,ラジカセ / ラジオカセット,,radio cassette player,manmade,,rajikase/rajiokasetto,2
805,りっぱ,立派,splendid,naadj,あのひとは とても りっぱなひとです。That person is a very good person.,rippa,2
806,りゅうがくせい,留学生,overseas student,people,リンダさんは りゅうがくせいです。Linda is an international student.,ryuugakusei,4
807,りょうしん,両親,both parents,people,りょうしんは ハワイに すんでいます。My parents live in Hawaii.,ryoushin,4
808,りょうり,料理,cuisine,activity,よく りょうりを します。I cook often.,ryouri,2
809,りょこう,旅行,travel,action,なつやすみに ともだちと りょこうします。I travel with friends for summer vacation.,ryokou,13
810,りょこうがいしゃ,旅行会社,travel agency,intangible,かれは りょこうがいしゃにつとめています。He works for a travel agency.,ryokougaisha,2
811,りんご,林檎,apple,food,ネットで りんごを たくさん かいました。I bought a lot of apples online.,ringo,3
812,れい,零,zero,unit,もうすこし れいを おしえてください。Please give me a few more examples.,rei,9
813,れいぞうこ,冷蔵庫,refrigerator,home,れいぞうこの なかに ビールが たくさん あります。There is a lot of beer in the fridge.,reizouko,2
814,レコード,,record,manmade,わたしの うちに レコードは ありません。There are no records in my house.,rekoodo,2
815,レストラン,,restaurant,places,このレストランは とても おいしいです。This restaurant has really good food.,resutoran,4
816,れんしゅう,練習,practice,activity,れんしゅうは とても たいせつです。Practice is very important.,renshuu,2
817,れんしゅうする,練習,to practice,action,うちで もっと れんしゅうしてください。Please practice more at home.,renshuusuru,13
818,ろうか,廊下,corridor,places,,rouka,4
819,ろく,六,six,unit,"このタブレットは 六まんえんぐらいでした。This tablet cost about 60,000 yen.",roku,9
820,ろっぽん,六本,six (long objects),unit,コーラを 六本 ください。Please give me six colas.,roppon,9
821,ワイシャツ,,business shirt,wearables,ワイシャツは あまり きません。I don't wear shirts very often.,waishatsu,2
822,わかい,若い,young,iadj,ははは ちちより ５さい わかいです。My mother is 5 years younger than my father.,wakai,6
823,わかる,分かる,to be understood,action,にほんごが わかりますか。Do you understand Japanese?,wakaru,13
824,わすれる,忘れる,to forget,action,また パスワードをわすれました。I forgot my password again.,wasureru,13
825,わたくし,私,"(humble) I, myself",atomic,私は ABC Company の さとうです。I'm Sato from ABC Company.,watakushi,5
826,わたし,私,"I, myself",atomic,私は にほんごを べんきょうしています。I'm studying Japanese.,watashi,5
827,わたす,渡す,to hand over,action,これから しゅくだいを わたします。I will give you homework from now on.,watasu,13
828,わたる,渡る,to go across,action,おうだんほどうを わたりましょう。Let's cross the pedestrian crossing.,Wataru,13
829,わるい,悪い,bad,iadj,わたしは めが わるいです。I have bad eyesight.,warui,6
